{"cameraMode":{"drawMode":0,"name":"Shaded","section":"Shading Mode"},"sceneLighting":true,"audioPlay":false,"sceneViewState":{"showFog":true,"showMaterialUpdate":false,"showSkybox":false,"showFlares":true,"showImageEffects":true,"showParticleSystems":true},"in2DMode":false,"pivot":{"x":-19.24859619140625,"y":-119.58477783203125,"z":-257.61962890625},"rotation":{"x":0.03466339036822319,"y":-0.9595963954925537,"z":0.13773179054260255,"w":0.2431691288948059},"size":1924.6185302734375,"orthographic":false}